episode_id,match_id,competition_name,period,counterpressing_team,possession_team,initiation_seconds,delay_seconds,stratum,controlled_acquisition_time,controlled_control_time,controlled_regain_time,controlled_regain_event_type,controlled_regain_evidence,regain_5s_controlled,dangerous_escape_15s,episode_outcome_3class,human_verified,human_evidence_valid,human_notes
3857295_p55_fcbf806d,3857295,FIFA World Cup,1,Costa Rica,Costa Rica,1754.581,1.173,ball_recovery,3.061,3.061,3.061,Carry,ball_recovery_plus_carry,1,0,successful_regain,[ ],[ ],
3998849_p156_3ed428e9,3998849,UEFA Women's Euro,2,Germany Women's,Germany Women's,2982.663,0.775,ball_recovery,3.378,3.378,3.378,Carry,ball_recovery_plus_carry,1,0,successful_regain,[ ],[ ],
3857282_p31_9f4c0bd8,3857282,FIFA World Cup,1,United States,Wales,1092.113,2.423,ball_recovery,2.003,2.003,2.003,Carry,ball_recovery_plus_carry,1,0,successful_regain,[ ],[ ],
3893814_p107_ade58806,3893814,Women's World Cup,2,Italy Women's,Sweden Women's,620.324,4.806,ball_recovery,2.623,2.623,2.623,Carry,ball_recovery_plus_carry,1,0,successful_regain,[ ],[ ],
3835323_p101_cec4bae1,3835323,UEFA Women's Euro,2,Portugal Women's,Portugal Women's,194.385,0.089,ball_recovery,4.387,4.387,4.387,Carry,ball_recovery_plus_carry,1,0,successful_regain,[ ],[ ],
3895074_p10_52efe327,3895074,1. Bundesliga,1,Bayern Munich,Bayern Munich,188.778,0.106,ball_recovery,1.291,1.291,1.291,Carry,ball_recovery_plus_carry,1,0,successful_regain,[ ],[ ],
3788752_p201_3a7755c6,3788752,UEFA Euro,2,Hungary,Hungary,2730.482,0.395,ball_recovery,1.642,1.642,1.642,Carry,ball_recovery_plus_carry,1,0,successful_regain,[ ],[ ],
3895194_p55_9783cceb,3895194,1. Bundesliga,1,Bayer Leverkusen,Bayer Leverkusen,1640.969,6.537,ball_recovery,1.723,1.723,1.723,Carry,ball_recovery_plus_carry,1,0,successful_regain,[ ],[ ],
3895167_p36_da4d28bb,3895167,1. Bundesliga,1,Bayer Leverkusen,Bayer Leverkusen,1140.712,4.742,ball_recovery,3.29,3.29,3.29,Carry,ball_recovery_plus_carry,1,0,successful_regain,[ ],[ ],
3857300_p53_81f557ef,3857300,FIFA World Cup,1,Argentina,Argentina,2044.217,7.922,ball_recovery,1.022,1.022,1.022,Carry,ball_recovery_plus_carry,1,0,successful_regain,[ ],[ ],
3998852_p67_a575aa1c,3998852,UEFA Women's Euro,1,WNT Finland,WNT Finland,1797.963,0.804,ball_recovery,2.328,2.328,2.328,Carry,ball_recovery_plus_carry,1,0,successful_regain,[ ],[ ],
3930163_p82_43d968ea,3930163,UEFA Euro,2,Serbia,Serbia,666.33,1.757,ball_recovery,0.626,1.905,1.905,Pass,ball_recovery_plus_pass,1,0,successful_regain,[ ],[ ],
3930167_p23_a617aea6,3930167,UEFA Euro,1,Croatia,Croatia,969.792,0.0,ball_recovery,1.128,1.128,1.128,Carry,ball_recovery_plus_carry,1,0,successful_regain,[ ],[ ],
3802802_p150_aca7c73a,3802802,Ligue 1,2,Stade de Reims,Stade de Reims,1522.588,0.348,ball_recovery,1.843,1.843,1.843,Carry,ball_recovery_plus_carry,1,0,successful_regain,[ ],[ ],
3998837_p35_12d67dff,3998837,UEFA Women's Euro,1,Switzerland Women's,Switzerland Women's,949.265,0.51,ball_recovery,0.701,0.701,0.701,Carry,ball_recovery_plus_carry,1,0,successful_regain,[ ],[ ],
3893813_p99_49589f0d,3893813,Women's World Cup,2,Haiti Women's,Haiti Women's,111.382,1.593,ball_recovery,3.701,3.701,3.701,Carry,ball_recovery_plus_carry,1,1,dangerous_escape,[ ],[ ],
3773474_p59_46b1d5f0,3773474,La Liga,1,Real Valladolid,Real Valladolid,1238.426,3.298,ball_recovery,3.034,3.034,3.034,Carry,ball_recovery_plus_carry,1,0,successful_regain,[ ],[ ],
3857256_p58_d6e254db,3857256,FIFA World Cup,1,Serbia,Serbia,1725.892,0.888,ball_recovery,3.139,3.139,3.139,Carry,ball_recovery_plus_carry,1,0,successful_regain,[ ],[ ],
3857258_p121_79506c50,3857258,FIFA World Cup,2,Serbia,Serbia,1257.975,0.866,ball_recovery,3.935,3.935,3.935,Carry,ball_recovery_plus_carry,1,0,successful_regain,[ ],[ ],
3857275_p40_71c05cab,3857275,FIFA World Cup,1,Tunisia,Tunisia,1161.967,2.12,ball_recovery,1.059,1.059,1.059,Carry,ball_recovery_plus_carry,1,0,successful_regain,[ ],[ ],
3893812_p198_12b04bfb,3893812,Women's World Cup,2,Argentina Women's,Argentina Women's,2690.984,0.221,ball_recovery,3.415,3.415,3.415,Carry,ball_recovery_plus_carry,1,0,successful_regain,[ ],[ ],
3877090_p39_1a523055,3877090,Major League Soccer,1,Inter Miami,Inter Miami,1180.599,2.046,ball_recovery,1.803,1.803,1.803,Carry,ball_recovery_plus_carry,1,0,successful_regain,[ ],[ ],
3835322_p97_4cd6a799,3835322,UEFA Women's Euro,1,Germany Women's,Germany Women's,2619.056,1.819,ball_recovery,1.671,1.671,1.671,Carry,ball_recovery_plus_carry,1,0,successful_regain,[ ],[ ],
3998858_p69_b113d291,3998858,UEFA Women's Euro,1,England Women's,England Women's,2436.26,3.215,ball_recovery,2.361,2.361,2.361,Carry,ball_recovery_plus_carry,1,0,successful_regain,[ ],[ ],
3835330_p105_a689d7fa,3835330,UEFA Women's Euro,2,Germany Women's,Germany Women's,1089.972,0.0,ball_recovery,0.588,0.588,0.588,Carry,ball_recovery_plus_carry,1,0,successful_regain,[ ],[ ],
3940878_p13_3cd0e781,3940878,UEFA Euro,1,Italy,Italy,305.832,0.0,duel,0.0,0.0,0.0,Carry,duel_plus_carry,1,0,successful_regain,[ ],[ ],
3893829_p111_54f4234f,3893829,Women's World Cup,2,France Women's,France Women's,666.099,3.242,duel,0.0,0.0,0.0,Carry,duel_plus_carry,1,0,successful_regain,[ ],[ ],
3835324_p33_abf0d42a,3835324,UEFA Women's Euro,1,Sweden Women's,Sweden Women's,947.694,0.0,duel,0.0,0.0,0.0,Carry,duel_plus_carry,1,0,successful_regain,[ ],[ ],
3773415_p86_9f471e5a,3773415,La Liga,2,Cádiz,Cádiz,10.791,0.0,duel,0.0,1.687,1.687,Pass,duel_plus_pass,1,0,successful_regain,[ ],[ ],
3845507_p171_a9d3df86,3845507,UEFA Women's Euro,2,Germany Women's,Germany Women's,2665.213,0.591,duel,0.0,0.0,0.0,Carry,duel_plus_carry,1,0,successful_regain,[ ],[ ],
3857277_p98_77b9c072,3857277,FIFA World Cup,2,Croatia,Morocco,593.699,1.984,duel,2.001,3.697,3.697,Pass,duel_plus_pass,1,0,successful_regain,[ ],[ ],
3930166_p138_a6e3a34c,3930166,UEFA Euro,2,Portugal,Portugal,2403.173,0.3,duel,0.0,0.0,0.0,Carry,duel_plus_carry,1,0,successful_regain,[ ],[ ],
3837706_p24_bf1a1a55,3837706,Ligue 1,1,Stade Brestois,Stade Brestois,555.593,0.0,duel,0.0,0.0,0.0,Carry,duel_plus_carry,1,0,successful_regain,[ ],[ ],
4018356_p125_17b5eeaf,4018356,UEFA Women's Euro,2,Spain Women's,Spain Women's,1092.569,0.0,duel,0.0,0.0,0.0,Carry,duel_plus_carry,1,0,successful_regain,[ ],[ ],
3893831_p36_75493f1f,3893831,Women's World Cup,1,South Africa Women's,South Africa Women's,1075.558,0.337,duel,0.0,0.0,0.0,Carry,duel_plus_carry,1,0,successful_regain,[ ],[ ],
3895220_p104_6f1e0283,3895220,1. Bundesliga,2,Bayer Leverkusen,Bayer Leverkusen,166.582,0.0,duel,0.0,0.0,0.0,Carry,duel_plus_carry,1,0,successful_regain,[ ],[ ],
3802676_p47_76f6f696,3802676,Ligue 1,1,Paris Saint-Germain,Paris Saint-Germain,1342.742,1.691,duel,0.0,0.0,0.0,Carry,50_50_plus_carry,1,0,successful_regain,[ ],[ ],
4018356_p82_3f2d3aa9,4018356,UEFA Women's Euro,1,Spain Women's,Spain Women's,2695.97,6.701,duel,0.0,0.0,0.0,Carry,duel_plus_carry,1,0,successful_regain,[ ],[ ],
3773466_p127_0299b356,3773466,La Liga,2,Celta Vigo,Celta Vigo,1652.561,0.669,duel,0.0,0.0,0.0,Carry,duel_plus_carry,1,0,successful_regain,[ ],[ ],
3837839_p82_6fb33f04,3837839,Ligue 1,1,Paris Saint-Germain,Stade de Reims,2705.453,0.231,duel,4.363,4.363,4.363,Carry,duel_plus_carry,1,0,successful_regain,[ ],[ ],
3788774_p93_eef22393,3788774,UEFA Euro,1,Hungary,Hungary,2783.609,0.0,duel,0.0,0.742,0.742,Pass,duel_plus_pass,1,0,successful_regain,[ ],[ ],
3857269_p19_d97740dc,3857269,FIFA World Cup,1,Switzerland,Switzerland,478.12,0.971,duel,0.419,2.213,2.213,Pass,duel_plus_pass,1,0,successful_regain,[ ],[ ],
3942752_p84_e18c5038,3942752,UEFA Euro,2,France,France,426.242,0.0,duel,0.0,0.0,0.0,Carry,duel_plus_carry,1,0,successful_regain,[ ],[ ],
3788772_p43_91f272a6,3788772,UEFA Euro,1,Czech Republic,Czech Republic,1614.371,0.148,duel,0.0,0.836,0.836,Pass,duel_plus_pass,1,0,successful_regain,[ ],[ ],
3893788_p106_812a1c94,3893788,Women's World Cup,2,Australia Women's,Australia Women's,578.496,0.503,duel,0.0,0.0,0.0,Carry,duel_plus_carry,1,0,successful_regain,[ ],[ ],
3942819_p36_d4b345b5,3942819,UEFA Euro,1,England,England,1853.004,2.02,interception,0.0,2.425,2.425,Pass,interception_plus_pass,1,0,successful_regain,[ ],[ ],
3835321_p139_80fbf3d2,3835321,UEFA Women's Euro,2,WNT Finland,WNT Finland,1858.863,7.402,interception,0.0,0.0,0.0,Carry,interception_plus_carry,1,0,successful_regain,[ ],[ ],
3802930_p60_7f498d3a,3802930,Ligue 1,1,Troyes,Troyes,1845.614,4.642,interception,0.0,0.0,0.0,Carry,interception_plus_carry,1,0,successful_regain,[ ],[ ],
3837963_p103_44382fa8,3837963,Ligue 1,2,Paris Saint-Germain,Paris Saint-Germain,955.813,7.112,interception,0.0,0.0,0.0,Carry,interception_plus_carry,1,0,successful_regain,[ ],[ ],
3802696_p16_dc0a828b,3802696,Ligue 1,1,Stade de Reims,Stade de Reims,370.783,6.658,interception,0.0,0.0,0.0,Carry,interception_plus_carry,1,0,successful_regain,[ ],[ ],
3895202_p57_38116434,3895202,1. Bundesliga,1,Bayer Leverkusen,Bayer Leverkusen,2289.594,6.463,interception,0.0,0.0,0.0,Carry,interception_plus_carry,1,0,successful_regain,[ ],[ ],
3941022_p158_f50e4993,3941022,UEFA Euro,2,Austria,Austria,2478.845,1.384,interception,0.0,0.0,0.0,Carry,interception_plus_carry,1,0,successful_regain,[ ],[ ],
3857256_p120_738d7a80,3857256,FIFA World Cup,2,Serbia,Serbia,791.292,7.331,interception,0.0,0.0,0.0,Carry,interception_plus_carry,1,0,successful_regain,[ ],[ ],
3893806_p147_c97fe2fa,3893806,Women's World Cup,2,Zambia W,Zambia W,1141.706,7.083,interception,0.0,0.0,0.0,Carry,interception_plus_carry,1,0,successful_regain,[ ],[ ],
3773631_p56_f916975d,3773631,La Liga,1,Barcelona,Barcelona,2062.31,3.533,interception,0.0,0.0,0.0,Carry,interception_plus_carry,1,0,successful_regain,[ ],[ ],
3938643_p115_6236351b,3938643,UEFA Euro,2,France,France,1288.027,1.456,interception,0.0,0.0,0.0,Carry,interception_plus_carry,1,0,successful_regain,[ ],[ ],
3837662_p29_dfed3d1c,3837662,Ligue 1,1,Lille,Paris Saint-Germain,376.083,7.033,interception,0.0,0.0,0.0,Carry,interception_plus_carry,1,0,successful_regain,[ ],[ ],
3901733_p111_c8513914,3901733,Women's World Cup,2,Switzerland Women's,Switzerland Women's,934.443,0.862,interception,0.0,0.0,0.0,Carry,interception_plus_carry,1,0,successful_regain,[ ],[ ],
3895275_p57_340033b2,3895275,1. Bundesliga,1,Freiburg,Freiburg,2265.275,7.402,interception,0.0,0.0,0.0,Carry,interception_plus_carry,1,0,successful_regain,[ ],[ ],
3857297_p126_adbbd377,3857297,FIFA World Cup,2,Poland,Poland,1122.708,3.025,interception,0.0,0.0,0.0,Carry,interception_plus_carry,1,0,successful_regain,[ ],[ ],
3869420_p42_6cb0234d,3869420,FIFA World Cup,1,Brazil,Croatia,1230.899,3.867,new_possession,1.64,1.64,1.64,Pass,new_possession_completed_pass,1,0,successful_regain,[ ],[ ],
3835334_p172_f4cc91b8,3835334,UEFA Women's Euro,2,Italy Women's,Iceland Women's,2208.806,4.782,new_possession,1.56,1.56,1.56,Pass,new_possession_completed_pass,1,0,successful_regain,[ ],[ ],
3788769_p11_eeff3c23,3788769,UEFA Euro,1,Denmark,Russia,149.98,4.077,new_possession,2.829,2.829,2.829,Pass,new_possession_completed_pass,1,0,successful_regain,[ ],[ ],
3773387_p86_3090614c,3773387,La Liga,2,Levante UD,Barcelona,347.793,1.512,new_possession,1.65,1.65,1.65,Pass,new_possession_completed_pass,1,0,successful_regain,[ ],[ ],
3802930_p145_4b8096a7,3802930,Ligue 1,2,Troyes,Paris Saint-Germain,2025.457,0.825,new_possession,2.142,2.142,2.142,Pass,new_possession_completed_pass,1,1,dangerous_escape,[ ],[ ],
3837827_p33_a118a717,3837827,Ligue 1,1,Paris Saint-Germain,Rennes,1114.613,0.688,new_possession,1.101,1.101,1.101,Pass,new_possession_completed_pass,1,0,successful_regain,[ ],[ ],
3930171_p134_38336005,3930171,UEFA Euro,2,England,Denmark,2473.469,2.288,new_possession,1.369,1.369,1.369,Pass,new_possession_completed_pass,1,0,successful_regain,[ ],[ ],
3773403_p166_8fad00e5,3773403,La Liga,2,Athletic Club,Barcelona,2427.837,3.853,new_possession,4.252,4.252,4.252,Pass,new_possession_completed_pass,1,0,successful_regain,[ ],[ ],
3835324_p94_5383d6fe,3835324,UEFA Women's Euro,1,Netherlands Women's,Netherlands Women's,2825.721,1.887,new_possession,4.319,4.319,4.319,Pass,new_possession_completed_pass,1,0,successful_regain,[ ],[ ],
3844385_p59_8ae70983,3844385,UEFA Women's Euro,1,Austria Women's,Austria Women's,1436.025,0.363,new_possession,4.992,4.992,4.992,Pass,new_possession_completed_pass,1,0,successful_regain,[ ],[ ],
3788761_p65_e834ba0d,3788761,UEFA Euro,1,Slovakia,Sweden,2635.885,4.218,new_possession,2.848,2.848,2.848,Pass,new_possession_completed_pass,1,0,successful_regain,[ ],[ ],
3773372_p103_2d41b247,3773372,La Liga,1,Barcelona,Barcelona,2067.53,1.271,new_possession,4.531,4.531,4.531,Pass,new_possession_completed_pass,1,0,successful_regain,[ ],[ ],
3802690_p31_b8cf0496,3802690,Ligue 1,1,Lorient,Paris Saint-Germain,963.763,7.458,new_possession,1.908,1.908,1.908,Pass,new_possession_completed_pass,1,0,successful_regain,[ ],[ ],
3835341_p133_574c166a,3835341,UEFA Women's Euro,2,Italy Women's,Belgium Women's,921.316,3.781,new_possession,1.553,1.553,1.553,Pass,new_possession_completed_pass,1,0,successful_regain,[ ],[ ],
3773369_p65_f3b460ba,3773369,La Liga,1,Barcelona,Huesca,1796.874,3.407,new_possession,3.501,3.501,3.501,Pass,new_possession_completed_pass,1,0,successful_regain,[ ],[ ],
3941018_p49_ef55234d,3941018,UEFA Euro,1,Spain,Georgia,1770.309,0.328,new_possession,4.176,4.176,4.176,Pass,new_possession_completed_pass,1,1,dangerous_escape,[ ],[ ],
3803000_p35_df42b9d6,3803000,Ligue 1,1,Paris Saint-Germain,Clermont Foot,1042.257,0.632,new_possession,1.268,1.268,1.268,Pass,new_possession_completed_pass,1,0,successful_regain,[ ],[ ],
3938641_p25_99626a8d,3938641,UEFA Euro,1,Poland,Austria,595.235,2.05,new_possession,3.287,3.287,3.287,Pass,new_possession_completed_pass,1,1,dangerous_escape,[ ],[ ],
3788760_p47_b635d07b,3788760,UEFA Euro,1,Croatia,Czech Republic,1387.677,3.908,new_possession,2.518,2.518,2.518,Pass,new_possession_completed_pass,1,1,dangerous_escape,[ ],[ ],
3837876_p85_d4a64339,3837876,Ligue 1,2,Paris Saint-Germain,Lille,12.84,3.765,new_possession,1.762,1.762,1.762,Pass,new_possession_completed_pass,1,0,successful_regain,[ ],[ ],
3857279_p97_54e479c5,3857279,FIFA World Cup,2,France,Australia,1112.872,3.719,other,3.257,4.685,4.685,Pass,opponent_turnover_plus_pass,1,0,successful_regain,[ ],[ ],
3893814_p107_646b4072,3893814,Women's World Cup,2,Sweden Women's,Sweden Women's,623.143,1.404,other,0.276,1.306,1.306,Pass,opponent_turnover_plus_pass,1,0,successful_regain,[ ],[ ],
3844385_p17_6e759ec3,3844385,UEFA Women's Euro,1,Germany Women's,Germany Women's,303.008,0.082,other,3.387,4.493,4.493,Pass,opponent_turnover_plus_pass,1,0,successful_regain,[ ],[ ],
3895194_p50_fc1a2c64,3895194,1. Bundesliga,1,Bayer Leverkusen,Augsburg,1410.699,2.74,other,0.994,2.149,2.149,Pass,opponent_turnover_plus_pass,1,0,successful_regain,[ ],[ ],
3835339_p101_f0783118,3835339,UEFA Women's Euro,2,Netherlands Women's,Switzerland Women's,342.585,4.638,other,2.781,4.301,4.301,Pass,opponent_turnover_plus_pass,1,1,dangerous_escape,[ ],[ ],
3837859_p81_a8178c67,3837859,Ligue 1,2,Toulouse,Toulouse,196.188,0.932,other,0.692,4.302,4.302,Pass,opponent_turnover_plus_pass,1,0,successful_regain,[ ],[ ],
3893793_p183_659785db,3893793,Women's World Cup,2,Japan Women's,Japan Women's,2433.952,0.623,other,0.647,2.735,2.735,Pass,opponent_turnover_plus_pass,1,0,successful_regain,[ ],[ ],
3794685_p130_e642a64e,3794685,UEFA Euro,2,Italy,Italy,1407.34,2.33,other,0.364,2.289,2.289,Pass,opponent_turnover_plus_pass,1,0,successful_regain,[ ],[ ],
3773587_p7_a89c236d,3773587,La Liga,1,Barcelona,Barcelona,197.871,4.079,other,0.209,1.707,1.707,Pass,opponent_turnover_plus_pass,1,1,dangerous_escape,[ ],[ ],
3773585_p36_9f401aeb,3773585,La Liga,1,Real Madrid,Real Madrid,1116.972,1.011,other,2.238,4.927,4.927,Pass,goalkeeper_plus_pass,1,1,dangerous_escape,[ ],[ ],
3857257_p46_1cc4ad0d,3857257,FIFA World Cup,1,Denmark,Denmark,1328.985,1.166,other,0.322,2.117,2.117,Pass,opponent_turnover_plus_pass,1,0,successful_regain,[ ],[ ],
3794689_p124_46c3e822,3794689,UEFA Euro,2,Wales,Wales,1720.01,5.396,other,0.793,2.986,2.986,Pass,opponent_turnover_plus_pass,1,0,successful_regain,[ ],[ ],
3835322_p102_df13a2f3,3835322,UEFA Women's Euro,2,Denmark Women's,Denmark Women's,6.324,2.304,other,1.946,3.446,3.446,Pass,opponent_turnover_plus_pass,1,0,successful_regain,[ ],[ ],
3788741_p29_b3cdb2f5,3788741,UEFA Euro,1,Turkey,Italy,747.836,0.906,other,2.612,4.386,4.386,Pass,opponent_turnover_plus_pass,1,0,successful_regain,[ ],[ ],
3869219_p40_69886a0f,3869219,FIFA World Cup,1,Croatia,Croatia,1779.743,1.396,other,0.496,2.881,2.881,Pass,opponent_turnover_plus_pass,1,0,successful_regain,[ ],[ ],
3857254_p94_8c2f0327,3857254,FIFA World Cup,1,Denmark,Tunisia,2786.954,3.81,other,0.333,2.973,2.973,Pass,opponent_turnover_plus_pass,1,0,successful_regain,[ ],[ ],
3857263_p47_8f818c5b,3857263,FIFA World Cup,1,Spain,Germany,1442.473,1.005,other,3.801,4.356,4.356,Pass,opponent_turnover_plus_pass,1,1,dangerous_escape,[ ],[ ],
3794690_p119_8da7ad1c,3794690,UEFA Euro,2,Netherlands,Netherlands,1477.213,4.435,other,0.446,4.419,4.419,Pass,opponent_turnover_plus_pass,1,0,successful_regain,[ ],[ ],
3998849_p153_01da6d28,3998849,UEFA Women's Euro,2,Germany Women's,Germany Women's,2901.462,7.681,other,2.383,2.383,2.383,Carry,goalkeeper_plus_carry,1,1,dangerous_escape,[ ],[ ],
3794687_p61_649b451e,3794687,UEFA Euro,1,Belgium,Belgium,2647.024,1.037,other,0.498,1.948,1.948,Pass,opponent_turnover_plus_pass,1,0,successful_regain,[ ],[ ],
