episode_id,match_id,competition_name,possession_origin_pattern,restart_event_type,restart_event_timestamp,restart_location,turnover_event_type,turnover_event_timestamp,turnover_location,elapsed_time_restart_to_turnover,num_events_between,num_successful_passes,events_sequence_summary,initiation_event_type,initiation_timestamp,initiation_location,counterpressing_team,possession_team,turnover_context
3930158_p5_b5a30bf4,3930158,UEFA Euro,From Throw In,Pass,00:02:20.713,"[28.5, 80.0]",Ball Recovery,00:02:24.827,"[68.6, 3.8]",4.114,8,0,Pass -> Ball Receipt* -> Duel -> Pass -> Ball Receipt* -> Duel ... (+2 more),Pressure,00:02:26.615,"[42.4, 75.3]",Scotland,Scotland,immediate_restart_phase
3857273_p28_be69c3a9,3857273,FIFA World Cup,From Throw In,Pass,00:13:01.199,"[92.3, 80.0]",Pass,00:13:05.568,"[29.1, 3.8]",4.369,9,2,Pass -> Ball Receipt* -> Carry -> Pass -> Pressure -> Ball Receipt* ... (+3 more),Pressure,00:13:07.720,"[68.1, 65.4]",Wales,Wales,ambiguous
3837885_p123_afe6f3b7,3837885,Ligue 1,From Throw In,Pass,00:16:11.252,"[76.8, 0.1]",Interception,00:16:12.868,"[23.6, 58.3]",1.616,3,0,Pass -> Ball Receipt* -> Interception,Pressure,00:16:13.955,"[98.6, 20.9]",Paris Saint-Germain,Paris Saint-Germain,immediate_restart_phase
3835336_p89_4b366058,3835336,UEFA Women's Euro,From Throw In,Pass,00:47:01.500,"[110.9, 80.0]",Duel,00:47:02.674,"[8.6, 10.5]",1.174,6,1,Pass -> Pressure -> Ball Receipt* -> Carry -> Dispossessed -> Duel,Pressure,00:47:04.254,"[115.2, 72.1]",Austria Women's,Austria Women's,immediate_restart_phase
3893819_p134_e0c52622,3893819,Women's World Cup,From Throw In,Pass,00:08:27.700,"[56.1, 0.1]",Pass,00:08:32.320,"[44.8, 62.2]",4.62,9,2,Pass -> Ball Receipt* -> Carry -> Pass -> Ball Receipt* -> Carry ... (+3 more),Pressure,00:08:34.540,"[43.0, 33.5]",Morocco Women's,Morocco Women's,ambiguous
3857301_p81_67efb63c,3857301,FIFA World Cup,From Throw In,Pass,00:47:29.258,"[81.1, 80.0]",Ball Recovery,00:47:31.835,"[34.1, 3.2]",2.577,10,2,Pass -> Ball Receipt* -> Carry -> Pressure -> Pass -> Ball Receipt* ... (+4 more),Pressure,00:47:31.868,"[84.6, 72.4]",Senegal,Senegal,immediate_restart_phase
4020846_p184_72db7c2a,4020846,UEFA Women's Euro,From Throw In,Pass,00:08:41.916,"[105.4, 0.1]",Duel,00:08:43.638,"[13.7, 72.1]",1.722,6,1,Pass -> Pressure -> Ball Receipt* -> Carry -> Dispossessed -> Duel,Pressure,00:08:44.583,"[105.4, 10.6]",Spain Women's,Spain Women's,immediate_restart_phase
3857265_p110_14c745b3,3857265,FIFA World Cup,From Throw In,Pass,00:16:52.115,"[61.7, 80.0]",Pass,00:17:07.925,"[13.8, 38.6]",15.81,6,1,Pass -> Ball Receipt* -> Pass -> Ball Recovery -> Carry -> Pass,Pressure,00:17:13.125,"[75.9, 59.1]",Poland,Poland,ambiguous
3998836_p38_8690d9ed,3998836,UEFA Women's Euro,From Throw In,Pass,00:14:58.031,"[50.3, 80.0]",Pass,00:15:02.680,"[67.2, 5.4]",4.649,9,2,Pass -> Ball Receipt* -> Carry -> Pass -> Ball Receipt* -> Carry ... (+3 more),Pressure,00:15:03.393,"[49.1, 67.3]",WNT Finland,WNT Finland,ambiguous
3930177_p127_5f3eccac,3930177,UEFA Euro,From Throw In,Pass,00:38:18.034,"[52.6, 80.0]",Pass,00:38:20.103,"[37.9, 6.2]",2.069,4,0,Pass -> Ball Receipt* -> Duel -> Pass,Pressure,00:38:21.590,"[88.5, 58.7]",Scotland,Scotland,immediate_restart_phase
3998845_p162_86b32ebe,3998845,UEFA Women's Euro,From Throw In,Pass,00:48:46.490,"[91.9, 80.0]",Pass,00:48:47.798,"[15.2, 11.6]",1.308,3,0,Pass -> Ball Receipt* -> Pass,Pressure,00:48:50.673,"[81.1, 63.7]",WNT Finland,WNT Finland,immediate_restart_phase
3802837_p162_dbd4cd0a,3802837,Ligue 1,From Throw In,Pass,00:46:47.491,"[56.5, 80.0]",Ball Recovery,00:46:51.023,"[79.5, 17.0]",3.532,6,1,Pass -> Pressure -> Ball Receipt* -> Carry -> Pass -> Ball Recovery,Pressure,00:46:52.371,"[40.1, 62.4]",Paris Saint-Germain,Paris Saint-Germain,ambiguous
3802793_p172_0840501d,3802793,Ligue 1,From Throw In,Pass,00:42:29.321,"[102.5, 0.1]",Clearance,00:42:36.306,"[8.6, 48.9]",6.985,6,1,Pass -> Ball Receipt* -> Carry -> Pass -> Ball Receipt* -> Clearance,Pressure,00:42:43.825,"[106.2, 73.3]",Paris Saint-Germain,Paris Saint-Germain,ambiguous
3998837_p150_e00c5633,3998837,UEFA Women's Euro,From Throw In,Pass,00:40:21.162,"[26.0, 80.0]",Ball Recovery,00:40:23.934,"[68.3, 4.4]",2.772,2,0,Pass -> Ball Recovery,Duel,00:40:26.857,"[49.3, 69.0]",Norway Women's,Norway Women's,immediate_restart_phase
3893788_p93_cfbf07f6,3893788,Women's World Cup,From Throw In,Pass,00:02:35.607,"[66.4, 80.0]",Pass,00:02:37.089,"[40.1, 6.4]",1.482,3,0,Pass -> Ball Receipt* -> Pass,Pressure,00:02:41.471,"[79.8, 46.4]",Republic of Ireland Women's,Republic of Ireland Women's,immediate_restart_phase
3901735_p173_bdf74f77,3901735,Women's World Cup,From Throw In,Pass,00:44:23.452,"[45.8, 80.0]",Pass,00:44:24.824,"[44.7, 7.9]",1.372,3,0,Pass -> Ball Receipt* -> Pass,Pressure,00:44:26.076,"[69.2, 70.3]",Nigeria Women's,Nigeria Women's,immediate_restart_phase
3998848_p188_50051346,3998848,UEFA Women's Euro,From Throw In,Pass,00:41:59.289,"[29.1, 0.1]",Ball Recovery,00:42:02.251,"[69.9, 49.3]",2.962,6,1,Pass -> Ball Receipt* -> Carry -> Pressure -> Pass -> Ball Recovery,Pressure,00:42:05.569,"[62.9, 30.8]",Poland Women's,Poland Women's,immediate_restart_phase
3902239_p99_5aba54be,3902239,Women's World Cup,From Throw In,Pass,00:07:47.049,"[96.3, 80.0]",Duel,00:07:51.448,"[43.2, 19.8]",4.399,12,3,Pass -> Ball Receipt* -> Pressure -> Pass -> Ball Receipt* -> Carry ... (+6 more),Pressure,00:07:55.214,"[68.7, 60.7]",Sweden Women's,Sweden Women's,ambiguous
3835323_p94_0bbd96bd,3835323,UEFA Women's Euro,From Throw In,Pass,00:45:07.918,"[53.6, 0.1]",Interception,00:45:15.742,"[57.5, 40.1]",7.824,13,1,Pass -> Pressure -> Ball Receipt* -> Carry -> Pressure -> Pass ... (+7 more),Pressure,00:45:18.412,"[53.3, 37.9]",Portugal Women's,Portugal Women's,ambiguous
3877072_p100_5fd2e209,3877072,Major League Soccer,From Throw In,Pass,00:08:39.272,"[83.1, 0.1]",Block,00:08:42.008,"[38.6, 71.4]",2.736,8,2,Pass -> Ball Receipt* -> Pass -> Ball Receipt* -> Carry -> Pass ... (+2 more),Pressure,00:08:44.341,"[76.8, 10.8]",Inter Miami,Inter Miami,immediate_restart_phase
3893834_p33_c136cfeb,3893834,Women's World Cup,From Throw In,Pass,00:15:04.900,"[83.8, 80.0]",Interception,00:15:07.502,"[24.4, 9.1]",2.602,7,2,Pass -> Ball Receipt* -> Pass -> Ball Receipt* -> Pass -> Ball Receipt* ... (+1 more),Pressure,00:15:08.687,"[81.1, 66.6]",Morocco Women's,Morocco Women's,immediate_restart_phase
4018357_p71_3ff5a80b,4018357,UEFA Women's Euro,From Throw In,Pass,00:40:55.683,"[77.8, 80.0]",Ball Recovery,00:40:56.951,"[28.4, 10.1]",1.268,2,0,Pass -> Ball Recovery,Pressure,00:40:58.945,"[86.8, 77.2]",Germany Women's,Germany Women's,immediate_restart_phase
3893807_p124_4dc8a903,3893807,Women's World Cup,From Throw In,Pass,00:17:28.593,"[63.7, 80.0]",Interception,00:17:29.460,"[59.2, 14.9]",0.867,3,0,Pass -> Ball Receipt* -> Interception,Pressure,00:17:30.992,"[56.2, 66.0]",Republic of Ireland Women's,Republic of Ireland Women's,immediate_restart_phase
3895074_p137_aa065eec,3895074,1. Bundesliga,From Throw In,Pass,00:20:57.414,"[42.0, 80.0]",Duel,00:20:59.680,"[70.7, 1.2]",2.266,6,1,Pass -> Ball Receipt* -> Carry -> Pressure -> Dispossessed -> Duel,Pressure,00:21:01.793,"[49.4, 78.7]",Bayer Leverkusen,Bayer Leverkusen,immediate_restart_phase
3930168_p44_93fa39f7,3930168,UEFA Euro,From Throw In,Pass,00:27:06.405,"[34.0, 0.1]",Pass,00:27:08.245,"[66.9, 66.4]",1.84,2,0,Pass -> Pass,Pressure,00:27:09.868,"[45.4, 9.9]",Hungary,Hungary,immediate_restart_phase
3893816_p134_3ce9c23f,3893816,Women's World Cup,From Throw In,Pass,00:16:29.034,"[95.2, 0.1]",Interception,00:16:38.360,"[27.4, 72.2]",9.326,13,1,Pass -> Pressure -> Ball Receipt* -> Carry -> Pressure -> Pressure ... (+7 more),Pressure,00:16:39.557,"[86.7, 8.7]",Panama Women's,Panama Women's,ambiguous
3893802_p29_2dffa4e2,3893802,Women's World Cup,From Throw In,Pass,00:12:32.717,"[90.9, 0.1]",Duel,00:12:33.703,"[19.4, 77.9]",0.986,6,1,Pass -> Pressure -> Ball Receipt* -> Carry -> Dispossessed -> Duel,Pressure,00:12:33.987,"[99.3, 3.0]",Korea Republic Women's,Korea Republic Women's,immediate_restart_phase
3835329_p90_438c6a04,3835329,UEFA Women's Euro,From Throw In,Pass,00:43:39.376,"[112.4, 80.0]",Block,00:43:40.873,"[4.4, 24.1]",1.497,3,0,Pass -> Ball Receipt* -> Block,Pressure,00:43:43.332,"[108.7, 57.0]",Denmark Women's,Denmark Women's,immediate_restart_phase
3837885_p44_bbd63cdb,3837885,Ligue 1,From Throw In,Pass,00:21:24.801,"[114.3, 0.1]",Duel,00:21:28.473,"[2.7, 61.1]",3.672,6,1,Pass -> Pressure -> Ball Receipt* -> Carry -> Dispossessed -> Duel,Pressure,00:21:30.448,"[114.7, 13.2]",Paris Saint-Germain,Paris Saint-Germain,ambiguous
3930159_p79_4201a2cd,3930159,UEFA Euro,From Throw In,Pass,00:01:23.779,"[87.0, 80.0]",Ball Recovery,00:01:27.819,"[6.4, 22.6]",4.04,7,1,Pass -> Ball Receipt* -> Carry -> Pass -> Pressure -> Ball Receipt* ... (+1 more),Duel,00:01:28.849,"[117.8, 58.0]",Switzerland,Switzerland,ambiguous
3998844_p116_3b92c6f3,3998844,UEFA Women's Euro,From Throw In,Pass,00:04:29.568,"[77.2, 80.0]",Interception,00:04:35.241,"[42.1, 0.7]",5.673,6,1,Pass -> Ball Receipt* -> Carry -> Pressure -> Pass -> Interception,Block,00:04:36.624,"[81.8, 77.2]",Switzerland Women's,Switzerland Women's,ambiguous
3857275_p87_847e87ec,3857275,FIFA World Cup,From Throw In,Pass,00:45:58.451,"[107.4, 80.0]",Ball Recovery,00:46:01.550,"[7.4, 23.5]",3.099,8,1,Pass -> Pressure -> Ball Receipt* -> Carry -> Dispossessed -> Duel ... (+2 more),Foul Committed,00:46:01.875,"[112.7, 56.6]",Tunisia,Tunisia,ambiguous
3895113_p38_a98f1cea,3895113,1. Bundesliga,From Throw In,Pass,00:20:00.762,"[93.5, 0.1]",Ball Recovery,00:20:04.026,"[6.2, 71.2]",3.264,8,1,Pass -> Ball Receipt* -> Carry -> Pressure -> Dribble -> Duel ... (+2 more),Pressure,00:20:05.024,"[108.6, 4.5]",Wolfsburg,Wolfsburg,ambiguous
3901796_p107_4009a1a4,3901796,Women's World Cup,From Throw In,Pass,00:11:15.100,"[43.9, 80.0]",50/50,00:11:19.958,"[57.0, 7.8]",4.858,11,1,Pass -> Pressure -> Ball Receipt* -> Carry -> Pressure -> Pass ... (+5 more),Pressure,00:11:20.520,"[63.2, 71.6]",Netherlands Women's,Netherlands Women's,ambiguous
3877170_p10_37e82900,3877170,Major League Soccer,From Throw In,Pass,00:04:41.734,"[115.1, 0.1]",Ball Recovery,00:04:47.840,"[50.8, 54.6]",6.106,6,1,Pass -> Ball Receipt* -> Carry -> Pass -> Ball Receipt* -> Ball Recovery,Pressure,00:04:50.032,"[51.5, 35.3]",Inter Miami,Inter Miami,ambiguous
3893811_p24_9ef49324,3893811,Women's World Cup,From Throw In,Pass,00:15:01.467,"[93.4, 0.1]",Ball Recovery,00:15:07.135,"[38.9, 69.2]",5.668,6,0,Pass -> Ball Receipt* -> Clearance -> Clearance -> Pressure -> Ball Recovery,Foul Committed,00:15:09.444,"[85.3, 7.6]",England Women's,England Women's,immediate_restart_phase
3893795_p122_8d11ca97,3893795,Women's World Cup,From Throw In,Pass,00:11:29.830,"[105.7, 80.0]",Ball Recovery,00:11:32.017,"[9.0, 32.1]",2.187,3,0,Pass -> Ball Receipt* -> Ball Recovery,Pressure,00:11:38.881,"[75.8, 14.5]",Denmark Women's,Denmark Women's,immediate_restart_phase
3930169_p70_cfaaa69e,3930169,UEFA Euro,From Throw In,Pass,00:35:08.934,"[47.0, 80.0]",Pass,00:35:10.613,"[49.2, 4.0]",1.679,3,0,Pass -> Ball Receipt* -> Pass,Pressure,00:35:11.995,"[59.8, 76.8]",Switzerland,Switzerland,immediate_restart_phase
3893819_p196_48a566fb,3893819,Women's World Cup,From Throw In,Pass,00:41:07.867,"[83.1, 80.0]",Ball Recovery,00:41:11.974,"[33.4, 18.1]",4.107,8,1,Pass -> Pressure -> Ball Receipt* -> Carry -> Pressure -> Miscontrol ... (+2 more),Duel,00:41:13.584,"[77.3, 66.0]",Korea Republic Women's,Korea Republic Women's,ambiguous
3869151_p75_e52a0af8,3869151,FIFA World Cup,From Throw In,Pass,00:02:17.581,"[30.9, 0.1]",Ball Recovery,00:02:19.841,"[74.0, 63.4]",2.26,5,1,Pass -> Ball Receipt* -> Carry -> Miscontrol -> Ball Recovery,Pressure,00:02:20.415,"[42.8, 18.1]",Argentina,Argentina,immediate_restart_phase
3857274_p125_687740b5,3857274,FIFA World Cup,From Throw In,Pass,00:22:24.589,"[81.1, 80.0]",Interception,00:22:25.921,"[26.8, 16.1]",1.332,3,0,Pass -> Ball Receipt* -> Interception,Block,00:22:27.080,"[100.0, 67.2]",Netherlands,Netherlands,immediate_restart_phase
3930175_p115_4b553547,3930175,UEFA Euro,From Throw In,Pass,00:15:34.939,"[109.1, 0.1]",Duel,00:15:38.917,"[2.2, 76.3]",3.978,11,1,Pass -> Pressure -> Ball Receipt* -> Carry -> Pass -> Ball Receipt* ... (+5 more),Pressure,00:15:40.387,"[114.5, 5.9]",Belgium,Belgium,ambiguous
4020005_p47_9493ec98,4020005,UEFA Women's Euro,From Throw In,Pass,00:26:13.722,"[77.9, 0.1]",Miscontrol,00:26:15.120,"[93.7, 6.4]",1.398,4,1,Pass -> Ball Receipt* -> Carry -> Miscontrol,Pressure,00:26:16.860,"[89.0, 4.0]",England Women's,England Women's,immediate_restart_phase
3835324_p175_3f6bc9f2,3835324,UEFA Women's Euro,From Throw In,Pass,00:37:23.578,"[95.4, 0.1]",Interception,00:37:27.281,"[24.9, 68.2]",3.703,8,1,Pass -> Pressure -> Ball Receipt* -> Carry -> Pressure -> Pass ... (+2 more),50/50,00:37:30.599,"[78.6, 14.3]",Netherlands Women's,Netherlands Women's,ambiguous
3998844_p80_51a0c0c7,3998844,UEFA Women's Euro,From Throw In,Pass,00:39:15.120,"[76.4, 80.0]",Interception,00:39:16.113,"[30.7, 2.4]",0.993,3,0,Pass -> Ball Receipt* -> Interception,Pressure,00:39:16.155,"[89.4, 77.9]",Iceland Women's,Iceland Women's,immediate_restart_phase
3893810_p54_8723786c,3893810,Women's World Cup,From Throw In,Pass,00:25:02.380,"[98.6, 80.0]",Clearance,00:25:04.575,"[10.3, 25.4]",2.195,3,0,Pass -> Ball Receipt* -> Clearance,Pressure,00:25:10.322,"[105.1, 65.4]",Portugal Women's,Portugal Women's,immediate_restart_phase
3941020_p46_63303973,3941020,UEFA Euro,From Free Kick,Pass,00:29:15.591,"[9.0, 56.9]",Duel,00:29:27.250,"[48.8, 8.4]",11.659,13,1,Pass -> Ball Receipt* -> Pass -> Duel -> Pass -> Ball Receipt* ... (+7 more),Interception,00:29:29.811,"[55.2, 66.2]",Slovenia,Slovenia,ambiguous
3857265_p52_78c1fe85,3857265,FIFA World Cup,From Free Kick,Pass,00:27:44.655,"[14.7, 53.1]",Pass,00:27:47.928,"[38.9, 15.6]",3.273,3,0,Pass -> Ball Receipt* -> Pass,Pressure,00:27:49.768,"[60.0, 54.8]",Poland,Poland,immediate_restart_phase
3857277_p113_6cdb89dc,3857277,FIFA World Cup,From Free Kick,Pass,00:19:04.941,"[87.9, 32.0]",Goal Keeper,00:19:07.294,"[1.4, 39.6]",2.353,4,1,Pass -> Ball Receipt* -> Shot -> Goal Keeper,Pressure,00:19:11.956,"[96.4, 75.2]",Morocco,Morocco,immediate_restart_phase
3893787_p177_1d1d48ca,3893787,Women's World Cup,From Free Kick,Pass,00:47:23.224,"[63.1, 4.7]",Duel,00:47:34.795,"[14.7, 22.5]",11.571,15,1,Pass -> Ball Receipt* -> Duel -> Clearance -> Pass -> Pressure ... (+9 more),Pressure,00:47:36.109,"[104.0, 65.9]",Norway Women's,Norway Women's,ambiguous
3869420_p238_79f7a927,3869420,FIFA World Cup,From Free Kick,Pass,00:06:39.221,"[12.2, 39.2]",Pass,00:06:43.635,"[42.5, 35.7]",4.414,6,1,Pass -> Pressure -> Ball Receipt* -> Carry -> Miscontrol -> Pass,Pressure,00:06:45.393,"[90.3, 54.4]",Brazil,Brazil,ambiguous
3795109_p23_a107bbad,3795109,UEFA Euro,From Free Kick,Pass,00:10:07.290,"[21.9, 54.5]",Pass,00:10:15.057,"[50.5, 53.4]",7.767,10,0,Pass -> Ball Receipt* -> Pass -> Duel -> Ball Receipt* -> Pass ... (+4 more),Duel,00:10:21.843,"[34.5, 74.6]",Czech Republic,Czech Republic,immediate_restart_phase
3773593_p161_6382da70,3773593,La Liga,From Free Kick,Pass,00:47:18.260,"[84.9, 30.5]",Ball Recovery,00:47:19.745,"[18.9, 46.3]",1.485,6,1,Pass -> Ball Receipt* -> Carry -> Pass -> Ball Receipt* -> Ball Recovery,Pressure,00:47:20.147,"[101.2, 31.6]",Barcelona,Barcelona,immediate_restart_phase
3837680_p177_bb7061ed,3837680,Ligue 1,From Free Kick,Pass,00:47:45.565,"[87.4, 9.1]",Ball Recovery,00:47:48.086,"[10.3, 46.0]",2.521,2,0,Pass -> Ball Recovery,Pressure,00:47:50.324,"[107.3, 43.4]",Paris Saint-Germain,Paris Saint-Germain,immediate_restart_phase
3847567_p177_b742d15d,3847567,UEFA Women's Euro,From Free Kick,Pass,00:47:44.624,"[90.7, 51.7]",Ball Recovery,00:47:50.074,"[14.4, 71.1]",5.45,6,0,Pass -> Ball Receipt* -> Duel -> Clearance -> Pressure -> Ball Recovery,Dribbled Past,00:47:52.130,"[86.4, 1.5]",England Women's,England Women's,immediate_restart_phase
3802665_p177_faa41525,3802665,Ligue 1,From Free Kick,Pass,00:44:03.346,"[19.1, 40.8]",Interception,00:44:05.822,"[91.9, 23.4]",2.476,5,1,Pass -> Ball Receipt* -> Pass -> Ball Receipt* -> Interception,Pressure,00:44:07.312,"[19.0, 60.5]",Paris Saint-Germain,Paris Saint-Germain,immediate_restart_phase
3835338_p128_c9558447,3835338,UEFA Women's Euro,From Free Kick,Pass,00:23:48.006,"[43.7, 21.3]",Duel,00:23:57.354,"[37.9, 15.0]",9.348,12,1,Pass -> Ball Receipt* -> Pass -> Ball Receipt* -> Ball Recovery -> Carry ... (+6 more),Pressure,00:24:01.655,"[79.7, 54.1]",WNT Finland,WNT Finland,ambiguous
3869486_p32_1549f984,3869486,FIFA World Cup,From Free Kick,Pass,00:19:52.455,"[24.7, 7.1]",Pass,00:20:00.889,"[66.7, 35.2]",8.434,9,1,Pass -> Ball Receipt* -> Pass -> Pass -> Pressure -> Ball Receipt* ... (+3 more),Block,00:20:02.883,"[52.1, 44.3]",Morocco,Morocco,ambiguous
3998842_p120_7812829d,3998842,UEFA Women's Euro,From Free Kick,Pass,00:19:55.643,"[36.7, 7.4]",Pass,00:19:58.649,"[77.4, 18.1]",3.006,3,0,Pass -> Ball Receipt* -> Pass,Pressure,00:20:02.069,"[49.2, 64.7]",Netherlands Women's,Netherlands Women's,immediate_restart_phase
3869152_p129_bf904a67,3869152,FIFA World Cup,From Free Kick,Pass,00:37:24.061,"[33.0, 47.0]",Ball Recovery,00:37:28.945,"[24.7, 47.6]",4.884,5,1,Pass -> Ball Receipt* -> Duel -> Miscontrol -> Ball Recovery,Pressure,00:37:35.715,"[82.2, 74.4]",France,France,ambiguous
3802837_p141_dadbf52e,3802837,Ligue 1,From Free Kick,Pass,00:29:26.154,"[13.6, 36.6]",Pass,00:29:29.088,"[63.1, 67.2]",2.934,3,0,Pass -> Ball Receipt* -> Pass,Pressure,00:29:30.587,"[47.6, 26.3]",Saint-Étienne,Saint-Étienne,immediate_restart_phase
3788752_p14_832e1363,3788752,UEFA Euro,From Free Kick,Pass,00:05:53.255,"[9.5, 40.0]",Ball Recovery,00:05:57.956,"[51.1, 70.0]",4.701,7,1,Pass -> Pressure -> Ball Receipt* -> Carry -> Miscontrol -> Pressure ... (+1 more),Pressure,00:05:59.542,"[75.4, 18.7]",Hungary,Hungary,ambiguous
3835330_p146_e9736f6f,3835330,UEFA Women's Euro,From Free Kick,Pass,00:41:48.213,"[57.4, 2.4]",Ball Recovery,00:41:55.268,"[28.7, 67.3]",7.055,4,0,Pass -> Clearance -> Pressure -> Ball Recovery,Duel,00:41:56.961,"[89.1, 13.1]",Spain Women's,Spain Women's,immediate_restart_phase
3998851_p80_1ef06feb,3998851,UEFA Women's Euro,From Free Kick,Pass,00:43:08.617,"[88.4, 8.4]",Ball Recovery,00:43:11.523,"[14.1, 45.4]",2.906,6,1,Pass -> Ball Receipt* -> Carry -> Clearance -> Miscontrol -> Ball Recovery,Duel,00:43:13.357,"[104.2, 38.2]",England Women's,England Women's,immediate_restart_phase
3893809_p39_3cb0dad6,3893809,Women's World Cup,From Goal Kick,Pass,00:29:12.056,"[7.0, 36.1]",Pass,00:29:18.358,"[76.0, 57.4]",6.302,6,0,Pass -> Ball Receipt* -> Duel -> Pass -> Block -> Pass,Pressure,00:29:20.346,"[55.0, 44.0]",Nigeria Women's,Nigeria Women's,immediate_restart_phase
3788776_p99_eba9142f,3788776,UEFA Euro,From Goal Kick,Pass,00:04:16.105,"[7.0, 44.1]",Ball Recovery,00:04:22.912,"[29.6, 6.8]",6.807,2,0,Pass -> Ball Recovery,Pass,00:04:24.676,"[77.9, 76.1]",Sweden,Sweden,immediate_restart_phase
3802685_p8_f3d5a70e,3802685,Ligue 1,From Goal Kick,Pass,00:02:34.731,"[7.0, 44.1]",Ball Recovery,00:02:38.853,"[84.8, 17.3]",4.122,5,0,Pass -> Ball Receipt* -> Interception -> Pressure -> Ball Recovery,Dribbled Past,00:02:39.040,"[34.7, 61.5]",Lens,Lens,immediate_restart_phase
3837695_p37_37f2ddfd,3837695,Ligue 1,From Goal Kick,Pass,00:21:18.326,"[6.0, 36.0]",Pass,00:21:26.765,"[63.5, 21.1]",8.439,6,1,Pass -> Ball Receipt* -> Pressure -> Pass -> Duel -> Pass,Pressure,00:21:27.995,"[37.5, 56.7]",Paris Saint-Germain,Paris Saint-Germain,ambiguous
3893810_p168_450816a6,3893810,Women's World Cup,From Goal Kick,Pass,00:32:43.884,"[6.0, 44.0]",Ball Recovery,00:32:46.735,"[79.7, 24.9]",2.851,3,0,Pass -> Ball Receipt* -> Ball Recovery,Pressure,00:32:47.262,"[50.3, 55.0]",Vietnam Women's,Vietnam Women's,immediate_restart_phase
3895095_p54_36436857,3895095,1. Bundesliga,From Goal Kick,Pass,00:33:45.022,"[6.0, 36.0]",Pass,00:33:48.041,"[58.5, 45.2]",3.019,3,0,Pass -> Ball Receipt* -> Pass,Pressure,00:33:50.062,"[47.9, 53.8]",Bayer Leverkusen,Bayer Leverkusen,immediate_restart_phase
3857260_p117_c0d1dce8,3857260,FIFA World Cup,From Goal Kick,Pass,00:09:41.057,"[6.0, 36.0]",Ball Recovery,00:09:50.286,"[10.0, 61.5]",9.229,5,1,Pass -> Ball Receipt* -> Pass -> Pressure -> Ball Recovery,Interception,00:09:56.221,"[77.3, 13.1]",Mexico,Mexico,ambiguous
3901735_p172_10aea53b,3901735,Women's World Cup,From Goal Kick,Pass,00:44:02.074,"[6.0, 44.0]",Pass,00:44:05.424,"[64.9, 20.5]",3.35,3,0,Pass -> Ball Receipt* -> Pass,Duel,00:44:09.330,"[37.5, 66.7]",Nigeria Women's,Nigeria Women's,immediate_restart_phase
3893814_p33_2fdc6928,3893814,Women's World Cup,From Goal Kick,Pass,00:14:45.876,"[7.0, 36.1]",Pass,00:14:58.294,"[56.5, 58.3]",12.418,7,1,Pass -> Ball Receipt* -> Carry -> Pressure -> Pass -> Ball Receipt* ... (+1 more),Pressure,00:14:59.894,"[43.5, 25.4]",Italy Women's,Italy Women's,ambiguous
3877060_p97_e064bdce,3877060,Major League Soccer,From Goal Kick,Pass,00:10:23.888,"[7.0, 44.1]",Ball Recovery,00:10:29.162,"[73.6, 24.6]",5.274,6,0,Pass -> Ball Receipt* -> Duel -> Pass -> Ball Recovery -> Ball Recovery,Pressure,00:10:31.732,"[40.8, 56.7]",Inter Miami,Inter Miami,immediate_restart_phase
3794691_p74_356925ef,3794691,UEFA Euro,From Goal Kick,Pass,00:01:39.528,"[6.0, 36.0]",Ball Recovery,00:01:43.055,"[53.9, 74.4]",3.527,3,0,Pass -> Ball Receipt* -> Ball Recovery,Pressure,00:01:44.936,"[51.6, 6.5]",Switzerland,Switzerland,immediate_restart_phase
3893798_p71_34473f84,3893798,Women's World Cup,From Goal Kick,Pass,00:36:25.272,"[7.0, 44.1]",Pass,00:36:29.883,"[55.9, 17.7]",4.611,7,0,Pass -> Ball Receipt* -> Duel -> Clearance -> Block -> Pressure ... (+1 more),Pressure,00:36:31.023,"[55.9, 66.7]",Jamaica Women's,Jamaica Women's,immediate_restart_phase
3773660_p77_d0a6ff96,3773660,La Liga,From Goal Kick,Pass,00:35:13.134,"[7.0, 36.1]",Ball Recovery,00:35:17.257,"[76.2, 59.8]",4.123,7,2,Pass -> Ball Receipt* -> Pass -> Ball Receipt* -> Pass -> Ball Receipt* ... (+1 more),Interception,00:35:18.270,"[36.0, 25.8]",Levante UD,Levante UD,ambiguous
3893818_p155_ce855e01,3893818,Women's World Cup,From Goal Kick,Pass,00:31:57.884,"[7.0, 44.1]",Pass,00:32:04.985,"[38.9, 59.2]",7.101,7,0,Pass -> Ball Receipt* -> Pass -> Ball Receipt* -> Pass -> Ball Receipt* ... (+1 more),Pressure,00:32:06.376,"[67.4, 22.5]",Colombia Women's,Colombia Women's,immediate_restart_phase
3893820_p114_48b20e0d,3893820,Women's World Cup,From Goal Kick,Pass,00:15:33.028,"[6.0, 44.0]",Ball Recovery,00:15:38.770,"[43.7, 33.5]",5.742,9,0,Pass -> Ball Receipt* -> Clearance -> Pressure -> Ball Recovery -> Carry ... (+3 more),Pressure,00:15:41.253,"[64.8, 33.0]",Philippines Women's,Philippines Women's,immediate_restart_phase
3998845_p159_1decec4b,3998845,UEFA Women's Euro,From Corner,Pass,00:47:48.407,"[120.0, 80.0]",Ball Recovery,00:47:55.225,"[13.5, 59.5]",6.818,5,1,Pass -> Ball Receipt* -> Carry -> Pass -> Ball Recovery,Pressure,00:47:55.741,"[105.2, 20.8]",WNT Finland,WNT Finland,ambiguous
3893822_p159_f6962c1d,3893822,Women's World Cup,From Corner,Pass,00:40:33.678,"[120.0, 80.0]",Goal Keeper,00:40:35.500,"[3.9, 37.4]",1.822,2,0,Pass -> Goal Keeper,Pressure,00:40:38.125,"[111.1, 28.6]",Spain Women's,Spain Women's,immediate_restart_phase
3895244_p102_1669e1ee,3895244,1. Bundesliga,From Corner,Pass,00:03:00.482,"[120.0, 80.0]",Ball Recovery,00:03:01.773,"[5.8, 23.8]",1.291,3,0,Pass -> Ball Receipt* -> Ball Recovery,Pressure,00:03:02.790,"[112.3, 72.1]",Bayer Leverkusen,Bayer Leverkusen,immediate_restart_phase
3835338_p73_1f40f77b,3835338,UEFA Women's Euro,From Corner,Pass,00:38:42.720,"[120.0, 80.0]",Block,00:38:58.928,"[17.2, 36.0]",16.208,12,0,Pass -> Clearance -> Clearance -> Clearance -> Pressure -> Ball Recovery ... (+6 more),Pressure,00:39:01.036,"[96.4, 37.1]",Germany Women's,Germany Women's,immediate_restart_phase
3835320_p64_7c6b18d2,3835320,UEFA Women's Euro,From Corner,Pass,00:35:43.221,"[120.0, 80.0]",Duel,00:35:48.908,"[11.4, 12.5]",5.687,6,1,Pass -> Ball Receipt* -> Carry -> Pressure -> Dribble -> Duel,Pressure,00:35:50.155,"[102.6, 64.5]",Norway Women's,Norway Women's,ambiguous
3788759_p64_41e0abfe,3788759,UEFA Euro,From Corner,Pass,00:38:30.638,"[120.0, 0.1]",Ball Recovery,00:38:35.721,"[24.9, 12.1]",5.083,3,0,Pass -> Goal Keeper -> Ball Recovery,Pass,00:38:41.481,"[68.4, 72.7]",Scotland,Scotland,immediate_restart_phase
3938643_p140_62b84a90,3938643,UEFA Euro,From Corner,Pass,00:41:25.695,"[120.0, 80.0]",Block,00:41:27.719,"[9.3, 41.6]",2.024,7,2,Pass -> Ball Receipt* -> Pass -> Ball Receipt* -> Duel -> Shot ... (+1 more),Pressure,00:41:33.259,"[106.7, 56.2]",France,France,immediate_restart_phase
3857254_p137_01c42ef9,3857254,FIFA World Cup,From Corner,Pass,00:24:12.831,"[120.0, 80.0]",Goal Keeper,00:24:16.334,"[0.6, 39.7]",3.503,8,1,Pass -> Ball Receipt* -> Duel -> Shot -> Goal Keeper -> Ball Recovery ... (+2 more),Pressure,00:24:17.934,"[116.4, 45.6]",Denmark,Denmark,ambiguous
3773428_p131_0141b405,3773428,La Liga,From Corner,Pass,00:30:57.945,"[120.0, 0.1]",Interception,00:31:10.480,"[23.8, 21.1]",12.535,9,0,Pass -> Ball Receipt* -> Clearance -> Clearance -> Ball Recovery -> Carry ... (+3 more),Pressure,00:31:14.455,"[82.2, 62.0]",Barcelona,Barcelona,immediate_restart_phase
3837827_p113_2de900c4,3837827,Ligue 1,From Corner,Pass,00:24:32.640,"[120.0, 0.1]",Clearance,00:24:42.879,"[9.2, 52.3]",10.239,11,1,Pass -> Ball Receipt* -> Carry -> Pass -> Clearance -> Ball Recovery ... (+5 more),Pressure,00:24:45.625,"[105.0, 21.5]",Paris Saint-Germain,Paris Saint-Germain,ambiguous
3795221_p20_fdf739cb,3795221,UEFA Euro,From Corner,Pass,00:11:52.008,"[120.0, 80.0]",Duel,00:11:56.081,"[19.1, 26.4]",4.073,13,0,Pass -> Ball Receipt* -> Clearance -> Ball Recovery -> Carry -> Pressure ... (+7 more),Pressure,00:11:58.298,"[83.5, 48.1]",England,England,immediate_restart_phase
3844385_p34_027eb8b3,3844385,UEFA Women's Euro,From Corner,Pass,00:12:50.894,"[120.0, 80.0]",Goal Keeper,00:12:54.170,"[1.0, 41.3]",3.276,4,1,Pass -> Ball Receipt* -> Shot -> Goal Keeper,Pressure,00:12:55.325,"[114.5, 33.8]",Austria Women's,Austria Women's,ambiguous
3998859_p15_4bd72a44,3998859,UEFA Women's Euro,From Corner,Pass,00:07:04.863,"[120.0, 80.0]",Duel,00:07:14.213,"[11.0, 75.4]",9.35,7,1,Pass -> Clearance -> Pass -> Ball Receipt* -> Carry -> Dribble ... (+1 more),Pressure,00:07:15.460,"[105.9, 5.1]",France Women's,France Women's,ambiguous
3788766_p128_d0469952,3788766,UEFA Euro,From Corner,Pass,00:22:33.129,"[120.0, 0.1]",Ball Recovery,00:22:37.150,"[5.7, 53.9]",4.021,5,0,Pass -> Goal Keeper -> Goal Keeper -> Ball Recovery -> Ball Recovery,Pressure,00:22:38.490,"[114.4, 23.9]",Italy,Italy,immediate_restart_phase
3857300_p106_deea8885,3857300,FIFA World Cup,From Corner,Pass,00:18:39.548,"[120.0, 0.1]",Clearance,00:18:41.607,"[9.7, 34.4]",2.059,2,0,Pass -> Clearance,Pressure,00:18:46.318,"[89.7, 75.6]",Argentina,Argentina,immediate_restart_phase
3893802_p113_20d2eaeb,3893802,Women's World Cup,From Kick Off,Pass,00:00:00.243,"[61.0, 40.1]",Pass,00:00:02.438,"[54.2, 39.5]",2.195,4,1,Pass -> Ball Receipt* -> Carry -> Pass,Pressure,00:00:07.978,"[105.9, 12.8]",Korea Republic Women's,Korea Republic Women's,immediate_restart_phase
3893809_p156_2cde9291,3893809,Women's World Cup,From Kick Off,Pass,00:55:01.721,"[60.0, 40.0]",Pass,00:55:06.434,"[43.2, 42.4]",4.713,5,1,Pass -> Ball Receipt* -> Carry -> Pass -> Pass,Pressure,00:55:12.080,"[47.5, 24.2]",Nigeria Women's,Nigeria Women's,ambiguous
3895340_p126_aeceb345,3895340,1. Bundesliga,From Kick Off,Pass,00:31:42.638,"[60.0, 40.0]",Block,00:31:46.093,"[29.1, 69.1]",3.455,7,2,Pass -> Ball Receipt* -> Pass -> Ball Receipt* -> Pass -> Ball Receipt* ... (+1 more),Pressure,00:31:49.744,"[84.4, 8.2]",Bochum,Bochum,ambiguous
3844386_p96_1c9058bd,3844386,UEFA Women's Euro,From Kick Off,Pass,00:00:00.659,"[60.0, 40.0]",Pass,00:00:02.886,"[44.2, 40.6]",2.227,3,1,Pass -> Ball Receipt* -> Pass,Duel,00:00:05.774,"[73.7, 9.2]",Belgium Women's,Belgium Women's,immediate_restart_phase
3895052_p92_33178d9d,3895052,1. Bundesliga,From Kick Off,Pass,00:00:00.642,"[61.0, 40.1]",Pass,00:00:03.386,"[46.8, 50.5]",2.744,4,1,Pass -> Ball Receipt* -> Carry -> Pass,Foul Committed,00:00:06.582,"[93.4, 15.5]",Bayer Leverkusen,Bayer Leverkusen,immediate_restart_phase
3893822_p21_01160362,3893822,Women's World Cup,From Kick Off,Pass,00:12:41.083,"[60.0, 40.0]",Ball Recovery,00:12:45.290,"[37.4, 78.6]",4.207,4,1,Pass -> Ball Receipt* -> Miscontrol -> Ball Recovery,Pressure,00:12:47.980,"[86.6, 15.9]",Spain Women's,Spain Women's,ambiguous
3869519_p2_080019f3,3869519,FIFA World Cup,From Kick Off,Pass,00:00:00.423,"[61.0, 40.1]",Pass,00:00:06.423,"[23.3, 47.6]",6.0,5,1,Pass -> Ball Receipt* -> Carry -> Pass -> Pass,Block,00:00:08.509,"[70.4, 38.2]",Croatia,Croatia,ambiguous
3869118_p74_37a3f5a4,3869118,FIFA World Cup,From Kick Off,Pass,00:00:00.506,"[61.0, 40.1]",Tactical Shift,00:00:04.078,,3.572,6,1,Pass -> Ball Receipt* -> Carry -> Substitution -> Pass -> Tactical Shift,Duel,00:00:06.204,"[85.9, 69.8]",England,England,ambiguous
3902240_p268_dc2642a1,3902240,Women's World Cup,From Kick Off,Pass,00:07:07.974,"[60.0, 40.0]",Pass,00:07:12.929,"[31.9, 58.0]",4.955,4,1,Pass -> Ball Receipt* -> Pass -> Pass,Pressure,00:07:14.811,"[74.6, 6.7]",Netherlands Women's,Netherlands Women's,ambiguous
3795220_p172_ae4fe498,3795220,UEFA Euro,From Kick Off,Pass,00:00:00.772,"[60.0, 40.0]",Pass,00:00:03.468,"[42.4, 30.3]",2.696,4,1,Pass -> Ball Receipt* -> Carry -> Pass,Duel,00:00:06.371,"[92.9, 65.4]",Spain,Spain,immediate_restart_phase
3794686_p204_feaf66b7,3794686,UEFA Euro,From Kick Off,Pass,00:00:00.278,"[61.0, 40.1]",Pass,00:00:04.075,"[36.2, 50.4]",3.797,4,1,Pass -> Ball Receipt* -> Carry -> Pass,Duel,00:00:07.003,"[86.8, 25.1]",Spain,Spain,ambiguous
3857282_p2_1f3805e0,3857282,FIFA World Cup,From Kick Off,Pass,00:00:00.472,"[60.0, 40.0]",Clearance,00:00:06.160,"[21.4, 22.4]",5.688,7,1,Pass -> Ball Receipt* -> Carry -> Pass -> Ball Receipt* -> Duel ... (+1 more),Pressure,00:00:10.250,"[65.9, 72.0]",United States,United States,ambiguous
4020005_p204_4f87c9d6,4020005,UEFA Women's Euro,From Kick Off,Pass,00:00:00.474,"[60.0, 40.0]",Pass,00:00:04.520,"[44.7, 38.5]",4.046,4,1,Pass -> Ball Receipt* -> Carry -> Pass,Duel,00:00:06.978,"[79.8, 35.5]",Italy Women's,Italy Women's,ambiguous
3869151_p121_381be3aa,3869151,FIFA World Cup,From Kick Off,Pass,00:31:46.821,"[61.0, 40.1]",Ball Recovery,00:31:50.067,"[66.7, 18.3]",3.246,4,1,Pass -> Ball Receipt* -> Miscontrol -> Ball Recovery,Pressure,00:31:51.329,"[53.7, 62.7]",Argentina,Argentina,ambiguous
3788774_p95_ea4f8779,3788774,UEFA Euro,From Kick Off,Pass,00:00:00.510,"[60.0, 40.0]",Pass,00:00:06.465,"[24.1, 60.2]",5.955,6,1,Pass -> Ball Receipt* -> Carry -> Pass -> Ball Receipt* -> Pass,Duel,00:00:08.814,"[85.3, 14.8]",Hungary,Hungary,ambiguous
3893790_p30_b52c6343,3893790,Women's World Cup,Other,Referee Ball-Drop,00:19:03.863,"[108.1, 39.2]",Pass,00:19:18.140,"[12.0, 40.9]",14.277,3,0,Referee Ball-Drop -> Ball Recovery -> Pass,Pressure,00:19:21.531,"[80.2, 74.5]",Canada Women's,Canada Women's,immediate_restart_phase
3788774_p88_097b602a,3788774,UEFA Euro,Other,Referee Ball-Drop,00:42:38.182,"[81.5, 24.3]",Pass,00:42:43.118,"[75.1, 50.6]",4.936,4,1,Referee Ball-Drop -> Pass -> Ball Receipt* -> Pass,Pressure,00:42:48.315,"[35.1, 7.9]",Hungary,Hungary,ambiguous
3893816_p57_790c5306,3893816,Women's World Cup,Other,Referee Ball-Drop,00:21:56.319,"[63.9, 76.3]",Ball Recovery,00:21:56.635,"[56.2, 3.8]",0.316,2,0,Referee Ball-Drop -> Ball Recovery,Pressure,00:21:58.564,"[57.8, 75.5]",Jamaica Women's,Jamaica Women's,immediate_restart_phase
3893831_p53_cdbcb986,3893831,Women's World Cup,Other,Referee Ball-Drop,00:28:05.675,"[19.3, 74.8]",Ball Recovery,00:28:06.460,"[97.8, 6.6]",0.785,2,0,Referee Ball-Drop -> Ball Recovery,Pass,00:28:08.901,"[21.4, 49.2]",Italy Women's,Italy Women's,immediate_restart_phase
3788742_p165_95adc7e8,3788742,UEFA Euro,Other,Referee Ball-Drop,00:43:27.794,"[115.9, 45.6]",Ball Recovery,00:43:28.985,"[4.2, 34.5]",1.191,2,0,Referee Ball-Drop -> Ball Recovery,Pressure,00:43:31.959,"[106.6, 42.4]",Denmark,Denmark,immediate_restart_phase
3904628_p130_16855005,3904628,Women's World Cup,Other,Referee Ball-Drop,00:13:51.293,"[81.5, 37.0]",Pass,00:13:54.160,"[36.0, 46.1]",2.867,2,0,Referee Ball-Drop -> Pass,Pressure,00:13:57.844,"[84.7, 53.9]",Spain Women's,Spain Women's,immediate_restart_phase
3835329_p176_5d959bf4,3835329,UEFA Women's Euro,Other,Referee Ball-Drop,00:40:49.920,"[73.3, 33.8]",Pass,00:40:54.078,"[50.7, 42.8]",4.158,2,0,Referee Ball-Drop -> Pass,Pressure,00:41:01.694,"[45.4, 5.8]",Denmark Women's,Denmark Women's,immediate_restart_phase
3930167_p112_be234fb3,3930167,UEFA Euro,Other,Referee Ball-Drop,00:20:04.429,"[76.8, 69.5]",Pass,00:20:04.857,"[42.3, 10.6]",0.428,2,0,Referee Ball-Drop -> Pass,Pressure,00:20:06.764,"[75.7, 58.0]",Croatia,Croatia,immediate_restart_phase
3938642_p126_dd9a164c,3938642,UEFA Euro,Other,Referee Ball-Drop,00:23:34.496,"[70.3, 21.5]",Pass,00:23:37.470,"[89.6, 3.5]",2.974,2,0,Referee Ball-Drop -> Pass,Pressure,00:23:43.216,"[23.3, 65.2]",Georgia,Georgia,immediate_restart_phase
3998853_p31_69f32a25,3998853,UEFA Women's Euro,Other,Referee Ball-Drop,00:16:03.389,"[87.7, 77.8]",Ball Recovery,00:16:04.274,"[42.8, 1.4]",0.885,2,0,Referee Ball-Drop -> Ball Recovery,Pressure,00:16:06.144,"[68.5, 77.9]",Iceland Women's,Iceland Women's,immediate_restart_phase
3938640_p96_2bc7c51e,3938640,UEFA Euro,Other,Referee Ball-Drop,00:12:14.153,"[101.1, 37.8]",Ball Recovery,00:12:18.986,"[19.4, 42.6]",4.833,2,0,Referee Ball-Drop -> Ball Recovery,Pressure,00:12:19.141,"[93.7, 36.7]",Slovakia,Slovakia,immediate_restart_phase
3901797_p153_9fa37361,3901797,Women's World Cup,Other,Referee Ball-Drop,00:29:39.991,"[106.1, 54.7]",Ball Receipt*,00:29:55.743,"[73.8, 57.4]",15.752,3,1,Referee Ball-Drop -> Pass -> Ball Receipt*,Pressure,00:30:02.989,"[10.3, 15.0]",Sweden Women's,Sweden Women's,ambiguous
3857274_p89_e71b862a,3857274,FIFA World Cup,Other,Referee Ball-Drop,00:01:20.839,"[34.4, 61.8]",Ball Receipt*,00:01:25.058,"[72.2, 20.5]",4.219,5,2,Referee Ball-Drop -> Pass -> Ball Receipt* -> Pass -> Ball Receipt*,Pressure,00:01:32.850,"[46.9, 69.1]",Netherlands,Netherlands,ambiguous
3857295_p94_6cc564a8,3857295,FIFA World Cup,Other,Referee Ball-Drop,00:05:48.617,"[13.7, 38.9]",Duel,00:06:07.940,"[27.9, 42.2]",19.323,14,0,Referee Ball-Drop -> Ball Recovery -> Carry -> Player On -> Pass -> Ball Receipt* ... (+8 more),Pressure,00:06:09.371,"[95.6, 32.9]",Costa Rica,Costa Rica,immediate_restart_phase
4020077_p33_cce87858,4020077,UEFA Women's Euro,Other,Referee Ball-Drop,00:14:47.790,"[91.7, 28.3]",Ball Recovery,00:14:48.712,"[28.0, 51.8]",0.922,2,0,Referee Ball-Drop -> Ball Recovery,Pressure,00:14:48.807,"[88.6, 29.2]",Spain Women's,Spain Women's,immediate_restart_phase
