feature,count,missing_count,missing_pct,mean,std,min,p25,median,p75,max
episode_id,21616,0,0.0,,,,,,,
match_id,21616,0,0.0,3866024.6,63648.557,3764440.0,3802907.0,3857292.0,3895258.0,4020846.0
competition,21616,0,0.0,,,,,,,
season,21616,0,0.0,,,,,,,
counterpressing_team,21616,0,0.0,,,,,,,
opponent_team,21616,0,0.0,,,,,,,
initiation_event_id,21616,0,0.0,,,,,,,
initiation_x,21616,0,0.0,67.104,26.995,0.3,46.9,69.6,88.1,119.7
initiation_y,21616,0,0.0,40.406,22.451,0.1,20.7,40.6,60.0,80.0
actor_present,21616,0,0.0,1.0,0.0,1.0,1.0,1.0,1.0,1.0
actor_distance_from_event,21616,0,0.0,2.148,11.938,0.0,0.0,0.0,0.0,122.74
actor_matching_anomalous,21616,0,0.0,0.036,0.187,0.0,0.0,0.0,0.0,1.0
frame_player_count,21616,0,0.0,15.485,3.047,3.0,14.0,16.0,18.0,22.0
visible_teammate_count_including_actor,21616,0,0.0,7.536,1.894,1.0,6.0,8.0,9.0,11.0
visible_teammate_count_excluding_actor,21616,0,0.0,6.536,1.894,0.0,5.0,7.0,8.0,10.0
visible_opponent_count,21616,0,0.0,7.949,1.85,1.0,7.0,8.0,9.0,11.0
visible_goalkeeper_count,21616,0,0.0,0.347,0.476,0.0,0.0,0.0,1.0,1.0
visible_area_polygon_area,21616,0,0.0,2627.663,863.949,485.3,1959.99,2485.705,3205.355,6674.02
visible_area_pitch_fraction,21616,0,0.0,0.274,0.09,0.051,0.204,0.259,0.334,0.695
polygon_valid,21616,0,0.0,1.0,0.0,1.0,1.0,1.0,1.0,1.0
polygon_missing,21616,0,0.0,0.0,0.0,0.0,0.0,0.0,0.0,0.0
coverage_5,21616,0,0.0,0.968,0.168,0.0,1.0,1.0,1.0,1.0
coverage_10,21616,0,0.0,0.956,0.17,0.0,1.0,1.0,1.0,1.0
coverage_15,21616,0,0.0,0.919,0.173,0.0,0.908,0.984,1.0,1.0
visible_local_area_5,21616,0,0.0,75.21,13.536,0.0,78.51,78.51,78.51,78.51
visible_local_area_10,21616,0,0.0,287.806,58.269,0.0,287.218,314.03,314.03,314.03
visible_local_area_15,21616,0,0.0,599.138,138.775,0.0,536.842,648.375,704.9,706.57
coverage_5_ge_80pct,21616,0,0.0,0.966,0.181,0.0,1.0,1.0,1.0,1.0
coverage_10_ge_80pct,21616,0,0.0,0.951,0.217,0.0,1.0,1.0,1.0,1.0
coverage_15_ge_80pct,21616,0,0.0,0.904,0.295,0.0,1.0,1.0,1.0,1.0
visible_teammates_within_5,21616,0,0.0,0.292,0.56,0.0,0.0,0.0,0.0,5.0
visible_teammates_within_10,21616,0,0.0,1.349,1.149,0.0,0.0,1.0,2.0,8.0
visible_teammates_within_15,21616,0,0.0,2.687,1.571,0.0,2.0,3.0,4.0,10.0
nearest_teammate_distance,21584,32,0.15,8.861,8.184,0.18,5.03,7.3,10.11,104.76
second_nearest_teammate_distance,21401,215,0.99,12.957,9.261,1.01,8.41,10.98,14.4,112.36
third_nearest_teammate_distance,20989,627,2.9,16.748,10.097,1.77,11.32,14.36,18.78,114.39
visible_opponents_within_5,21616,0,0.0,1.191,0.694,0.0,1.0,1.0,1.0,7.0
visible_opponents_within_10,21616,0,0.0,2.283,1.264,0.0,1.0,2.0,3.0,9.0
visible_opponents_within_15,21616,0,0.0,3.657,1.745,0.0,2.0,4.0,5.0,11.0
nearest_opponent_distance,21616,0,0.0,3.861,8.403,0.14,1.32,2.23,3.44,106.79
second_nearest_opponent_distance,21610,6,0.03,9.381,9.386,0.67,5.04,7.48,10.57,112.74
third_nearest_opponent_distance,21532,84,0.39,13.367,9.96,1.07,8.46,11.33,15.01,114.07
numerical_advantage_5,21616,0,0.0,-0.899,0.801,-7.0,-1.0,-1.0,0.0,3.0
numerical_advantage_10,21616,0,0.0,-0.934,1.361,-7.0,-2.0,-1.0,0.0,5.0
numerical_advantage_15,21616,0,0.0,-0.97,1.724,-8.0,-2.0,-1.0,0.0,5.0
total_players_within_5,21616,0,0.0,2.484,0.973,1.0,2.0,2.0,3.0,9.0
total_players_within_10,21616,0,0.0,4.631,1.996,1.0,3.0,4.0,6.0,15.0
total_players_within_15,21616,0,0.0,7.344,2.838,1.0,5.0,7.0,9.0,19.0
teammate_density_visible_5,21024,592,2.74,0.004,0.007,0.0,0.0,0.0,0.013,0.07
teammate_density_visible_10,21086,530,2.45,0.005,0.004,0.0,0.003,0.003,0.006,0.047
teammate_density_visible_15,21152,464,2.15,0.004,0.002,0.0,0.003,0.004,0.006,0.036
opponent_density_visible_5,21024,592,2.74,0.016,0.009,0.0,0.013,0.013,0.025,0.089
opponent_density_visible_10,21086,530,2.45,0.008,0.004,0.0,0.005,0.007,0.01,0.037
opponent_density_visible_15,21152,464,2.15,0.006,0.003,0.0,0.004,0.006,0.008,0.054
teammate_x_std,21401,215,0.99,8.523,2.601,0.02,6.86,8.58,10.25,20.34
teammate_y_std,21401,215,0.99,12.526,3.633,0.0,10.12,12.41,14.91,27.44
opponent_x_std,21610,6,0.03,8.469,2.383,0.1,6.88,8.435,10.04,19.75
opponent_y_std,21610,6,0.03,12.04,3.395,0.07,9.67,11.91,14.19,26.43
teammate_mean_pairwise_distance,21401,215,0.99,21.943,4.913,0.92,18.68,21.83,25.15,48.5
opponent_mean_pairwise_distance,21610,6,0.03,20.698,4.698,3.45,17.47,20.55,23.76,41.69
teammate_hull_area,20989,627,2.9,553.991,311.387,0.24,325.07,509.79,735.16,2240.02
opponent_hull_area,21532,84,0.39,590.666,306.089,0.1,369.855,545.755,767.558,2468.13
teammate_hull_visible_area_ratio,20989,627,2.9,0.21,0.102,0.0,0.139,0.201,0.272,0.786
opponent_hull_visible_area_ratio,21532,84,0.39,0.228,0.101,0.0,0.157,0.218,0.288,0.733
distance_to_nearest_touchline,21616,0,0.0,20.287,10.753,0.0,10.9,20.4,29.0,40.0
distance_to_own_goal_line,21616,0,0.0,67.104,26.995,0.3,46.9,69.6,88.1,119.7
distance_to_opponent_goal_line,21616,0,0.0,52.896,26.995,0.3,31.9,50.4,73.1,119.7
lateral_centrality,21616,0,0.0,0.507,0.269,0.0,0.273,0.51,0.725,1.0
pitch_zone,21616,0,0.0,,,,,,,
pitch_zone_3x3,21616,0,0.0,,,,,,,
opponents_ahead_of_ball,21616,0,0.0,3.088,2.1,0.0,2.0,3.0,4.0,11.0
defenders_ahead_of_ball,21616,0,0.0,3.548,2.015,0.0,2.0,3.0,5.0,10.0
forward_numerical_advantage,21616,0,0.0,-0.459,1.726,-7.0,-2.0,-1.0,1.0,6.0
nearest_defender_ahead_distance,20470,1146,5.3,11.467,8.613,0.42,6.66,9.73,13.65,104.76
nearest_opponent_ahead_distance,19596,2020,9.34,8.528,9.746,0.15,2.47,5.71,11.11,104.08
opponents_in_escape_corridor_20,21616,0,0.0,0.624,0.764,0.0,0.0,0.0,1.0,6.0
defenders_in_escape_corridor_20,21616,0,0.0,0.84,0.856,0.0,0.0,1.0,1.0,6.0
escape_corridor_advantage_20,21616,0,0.0,-0.216,0.899,-6.0,-1.0,0.0,0.0,5.0
nearest_defender_in_escape_corridor,12971,8645,39.99,11.297,4.385,0.5,8.05,11.27,14.64,19.99
nearest_opponent_in_escape_corridor,10316,11300,52.28,9.173,5.428,0.24,4.31,9.23,13.442,20.0
escape_corridor_coverage_20,21616,0,0.0,0.778,0.286,0.0,0.618,0.924,1.0,1.0
regain_5s_controlled,21616,0,0.0,0.347,0.476,0.0,0.0,0.0,1.0,1.0
dangerous_escape_15s,21616,0,0.0,0.224,0.417,0.0,0.0,0.0,0.0,1.0
episode_outcome_3class,21616,0,0.0,,,,,,,
